Date	News	result	scores
Thursday, 18 May 2023 23:39:45	Gold Price Forecast: XAU/USD stays bearish as US debt ceiling talks, Fed Chair Powell’s speech loom	neutral	0.6031550765037537
Thursday, 18 May 2023 21:19:58	Gold Price Forecast: XAU/USD bears eye downside continuation to key support	negative	0.6042930483818054
Thursday, 18 May 2023 14:59:08	Gold Price Forecast: XAU/USD to reach $2,120 by Q1 2024 – ANZ	neutral	0.8823394775390625
Thursday, 18 May 2023 13:25:50	Gold Price Forecast: XAU/USD dives to $1,960, lowest since April amid sustained USD buying	negative	0.7462718486785889
Thursday, 18 May 2023 09:30:22	Gold Price Forecast: XAU/USD drops to nearly one-month low amid sustained US Dollar buying	negative	0.7307442426681519
Thursday, 18 May 2023 06:47:27	Gold Futures: A deeper pullback seems unlikely	negative	0.6723892688751221
Thursday, 18 May 2023 06:14:39	Gold Price Forecast: XAU/USD eyes more weakness below $1,970 amid optimism for US debt-ceiling raise	negative	0.620345950126648
Thursday, 18 May 2023 02:54:01	Gold Price Forecast: XAU/USD recovery hinges on $1,995 breakout, US debt limit optimism	neutral	0.5622572898864746
Friday, 19 May 2023 18:15:01	Gold Price Forecast: XAU/USD recoups losses amid hawkish Fed rhetoric, eyeing $1980 resistance	negative	0.6278381943702698
Friday, 19 May 2023 14:57:13	Three reasons to buy Gold now – UBS	neutral	0.905074417591095
Friday, 19 May 2023 12:10:24	Gold Price Forecast: Limited further downside potential as US rate hike cycle may have ended – Commerzbank	negative	0.699644923210144
Friday, 19 May 2023 10:49:26	Gold Price Forecast: XAU/USD scales higher on weaker US Dollar, trades around $1,965 region	neutral	0.7852290272712708
Friday, 19 May 2023 08:09:31	Gold Price Forecast: XAU/USD retreats with gains in the US Dollar – ANZ	neutral	0.5653799772262573
Friday, 19 May 2023 06:15:00	Gold Price Forecast: XAU/USD attempts recovery below $1,960 as USD Index turns sideways ahead of Fed speech	negative	0.4715879261493683
Friday, 19 May 2023 05:35:51	Gold Futures: Decline now appears contained	neutral	0.6289042830467224
Friday, 19 May 2023 02:28:42	Gold Price Forecast: XAU/USD sellers dominate below $1,975, Fed clues, US default eyed – Confluence Detector	neutral	0.7419308423995972
Sunday, 21 May 2023 22:20:15	Gold Price Forecast: XAU/USD rebound hinges on US debt ceiling talks, inflation clues and Fed Minutes	neutral	0.7745171785354614
Tuesday, 23 May 2023 22:09:45	Gold Price Forecast: XAU/USD stabilizes above $1,970 as focus shifts to US FOMC minutes	neutral	0.7560478448867798
Tuesday, 23 May 2023 15:49:05	Gold Price Forecast: XAU/USD slips amid US debt ceiling uncertainty, US equities tumble	negative	0.8354468941688538
Tuesday, 23 May 2023 14:58:46	Gold Price Forecast: XAU/USD likely to be ultimate safe haven in event of US default – Commerzbank	positive	0.5773230791091919
Tuesday, 23 May 2023 09:13:25	Gold Price Forecast: XAU/USD hangs near monthly low on modest US Dollar strength	negative	0.5817491412162781
Tuesday, 23 May 2023 06:22:12	Gold Futures: A sustained pullback seems unlikely	negative	0.6414860486984253
Tuesday, 23 May 2023 03:46:56	Gold Price Forecast: XAU/USD bears dominate below $2,000 on firmer US Dollar despite no debt ceiling deal	negative	0.47525516152381897
Tuesday, 23 May 2023 01:16:45	Gold Price Forecast: XAU/USD drops below $1,970 as Fed expresses more rate hikes this year	negative	0.48153889179229736
Tuesday, 23 May 2023 22:09:45	Gold Price Forecast: XAU/USD stabilizes above $1,970 as focus shifts to US FOMC minutes	neutral	0.7560478448867798
Tuesday, 23 May 2023 15:49:05	Gold Price Forecast: XAU/USD slips amid US debt ceiling uncertainty, US equities tumble	negative	0.8354468941688538
Tuesday, 23 May 2023 14:58:46	Gold Price Forecast: XAU/USD likely to be ultimate safe haven in event of US default – Commerzbank	positive	0.5773230791091919
Tuesday, 23 May 2023 09:13:25	Gold Price Forecast: XAU/USD hangs near monthly low on modest US Dollar strength	negative	0.5817491412162781
Tuesday, 23 May 2023 06:22:12	Gold Futures: A sustained pullback seems unlikely	negative	0.6414860486984253
Tuesday, 23 May 2023 03:46:56	Gold Price Forecast: XAU/USD bears dominate below $2,000 on firmer US Dollar despite no debt ceiling deal	negative	0.47525516152381897
Tuesday, 23 May 2023 01:16:45	Gold Price Forecast: XAU/USD drops below $1,970 as Fed expresses more rate hikes this year	negative	0.48153889179229736
Wednesday, 24 May 2023 22:06:35	Gold Price Forecast: XAU/USD bears eye $1,925 as US Dollar, yields rise amid debt ceiling woes	negative	0.6901895999908447
Wednesday, 24 May 2023 19:06:05	Gold Price Forecast: XAU/USD bears move in and eye critical support near $1,950	neutral	0.6714608073234558
Wednesday, 24 May 2023 15:31:26	Gold Price Forecast: XAU/USD dives amid stalled US debt-ceiling talks as the USD strengthens	negative	0.5716415047645569
Wednesday, 24 May 2023 14:59:05	Gold Price Forecast: XAU/USD could correct down to $1,892 on a break below $1,949/40 – Credit Suisse	neutral	0.9003512859344482
Wednesday, 24 May 2023 09:07:46	Gold Futures: Extra rebound looks unconvincing	neutral	0.5219525694847107
Wednesday, 24 May 2023 07:21:10	Gold Price Forecast: XAU/USD ticks lower to $1,970 level, focus remains on FOMC minutes	neutral	0.8378412127494812
Wednesday, 24 May 2023 03:35:45	Gold Price Forecast: XAU/USD grinds near $1,970 amid Fed concerns, debt ceiling woes – Confluence Detector	negative	0.8451889753341675
Wednesday, 24 May 2023 00:49:30	Gold Price Forecast: XAU/USD falters below $1,985 amid US debt ceiling woes, Fed Minutes eyed	negative	0.8637755513191223
Thursday, 25 May 2023 22:04:37	Gold Price Forecast: XAU/USD bears occupy driver’s seat on hawkish Fed bets, US default jitters	negative	0.7656953930854797
Thursday, 25 May 2023 13:09:58	Gold Price Forecast: XAU/USD drops to fresh two-month low near $1,940 after US data	negative	0.5397454500198364
Thursday, 25 May 2023 07:28:45	Gold Futures: A sustained drop seems unlikely	negative	0.5894190073013306
Thursday, 25 May 2023 05:10:19	Gold Price Forecast: XAU/USD tests lower range limit around mid-1,900s on rising US debt uncertainties	neutral	0.7800359725952148
Thursday, 25 May 2023 01:14:56	Gold Price Forecast: XAU/USD stabilizes below $1,960 as USD Index refreshes day high, US Durables eyed	neutral	0.6343159079551697
Friday, 26 May 2023 15:36:02	Gold Price Forecast: XAU/USD ascents gradually amidst high US bond yields, post solid US data	neutral	0.7004877328872681
Friday, 26 May 2023 14:58:19	Gold Price Forecast: XAU/USD downside potential is probably exhausted for now – Commerzbank	negative	0.7751600742340088
Friday, 26 May 2023 07:36:40	Gold Price Forecast: XAU/USD recovers further from two-month low, climbs back above $1,950	neutral	0.47062087059020996
Friday, 26 May 2023 06:19:18	Gold Futures: Room for a near-term rebound	neutral	0.824738085269928
Friday, 26 May 2023 04:00:33	Gold Price Forecast: XAU/USD rebound appears elusive within $1,951-43 range – Confluence Detector	negative	0.517373263835907
Friday, 26 May 2023 00:48:07	Gold Price Forecast: XAU/USD slips below $1,940 amid US default jitters, US Durables in focus	negative	0.6836043000221252
Monday, 29 May 2023 22:12:11	Gold Price Forecast: XAU/USD looks vulnerable above $1,940 as US households’ spending remains resilient	negative	0.8207137584686279
Monday, 29 May 2023 15:29:05	Gold Price Forecast: XAU/USD price edges up despite strong US Dollar amidst thin liquidity trading	negative	0.6259629130363464
Monday, 29 May 2023 14:59:11	Gold Price Forecast: XAU/USD may drop to support near low $1,900s – TDS	negative	0.49967411160469055
Monday, 29 May 2023 11:00:29	The sanctions imposed on Russia have boosted the appeal of Gold in recent years – MUFG	neutral	0.46342816948890686
Monday, 29 May 2023 07:37:16	Gold Futures: A sustained bounce not probable	neutral	0.48035553097724915
Monday, 29 May 2023 07:00:21	Gold Price Forecast: XAU/USD bulls prod $1,951 hurdle on mixed start of US NFP week – Confluence Detector	neutral	0.8741346001625061
Monday, 29 May 2023 04:47:02	Gold Price Forecast: XAU/USD struggles to surpass $1,950, upside seems favored as US debt dynamics modify	neutral	0.48746824264526367
Monday, 29 May 2023 01:18:02	Gold Price Forecast: XAU/USD bears approach $1,930 support on US debt ceiling extension, NFP eyed	neutral	0.6944252848625183
Sunday, 28 May 2023 22:44:33	Gold Price Forecast: XAU/USD turns volatile after facing barricades around $1,950 amid hawkish Fed bets	negative	0.7662575840950012
Tuesday, 30 May 2023 22:04:49	Gold Price Forecast: XAU/USD juggles around $1,960 after a rally inspired by US Dollar’s correction	neutral	0.7648513317108154
Tuesday, 30 May 2023 14:07:48	Gold Price Forecast: XAU/USD extends rebounds from two-month low, hits fresh highs above $1,960	neutral	0.7034197449684143
Tuesday, 30 May 2023 07:28:08	Gold Price Forecast: XAU/USD struggles near two-month low, bears flirt with 100-day SMA	negative	0.6515039801597595
Tuesday, 30 May 2023 04:10:21	Gold Price Forecast: XAU/USD retreats from $1,950 as USD Index rebounds firmly, US Employment in focus	neutral	0.5639779567718506
Tuesday, 30 May 2023 00:39:34	Gold Price Forecast: XAU/USD bears stay hopeful amid hardships for US debt ceiling deal	neutral	0.5009868144989014
Wednesday, 31 May 2023 23:47:26	Gold Price Forecast: XAU/USD rebound eyes $1,990 and United States Employment clues	neutral	0.8786777257919312
Wednesday, 31 May 2023 21:37:50	Gold Price Forecast: XAU/USD reclaims $1960 on US debt ceiling hopes, falling US bond yields	negative	0.648366391658783
Wednesday, 31 May 2023 15:06:59	Gold Price Forecast: XAU/USD jumps to weekly highs near $1,975	neutral	0.6599670052528381
Wednesday, 31 May 2023 14:58:07	Gold Price Forecast: XAU/USD to peak at $2,050 by Q1 2024 and then ease back to $2,000 – Crédit Agricole	neutral	0.858285665512085
Wednesday, 31 May 2023 14:05:37	Gold Price Forecast: XAU/USD has been showing relative strength of late – Commerzbank	neutral	0.6827516555786133
Wednesday, 31 May 2023 10:40:10	Gold Price Forecast: XAU/USD consolidates around $1,960 area, just below one-week high	neutral	0.7070634961128235
Wednesday, 31 May 2023 06:30:13	Gold Price Forecast: XAU/USD rebound eyes $1,990 and US factors – Confluence Detector	neutral	0.8833261132240295
Wednesday, 31 May 2023 06:10:07	Gold Futures: Room for some near-term rebound	neutral	0.8854213953018188
Wednesday, 31 May 2023 04:19:44	Gold Price Forecast: XAU/USD defends $1950 as US yields drop ahead of US job data and Fed’s Beige Book	negative	0.5702645182609558
Wednesday, 31 May 2023 01:00:46	Gold Price Forecast: Softer US Dollar underpins XAU/USD rebound, focus on US politics, employment data	neutral	0.7035669684410095
Thursday, 01 June 2023 22:08:05	Gold Price Forecast: XAU/USD run-up approaches $2,000 as United States Nonfarm Payrolls loom	neutral	0.7955422401428223
Thursday, 01 June 2023 19:35:22	Gold Price Forecast: XAU/USD bulls eye key territories above ahead of NFP	neutral	0.9151501655578613
Thursday, 01 June 2023 15:00:23	Gold Price Forecast: Near-term consolidation in XAU/USD should reverse on solid demand – UBS	neutral	0.8025400042533875
Thursday, 01 June 2023 14:19:51	Gold Price Forecast: XAU/USD hits fresh weekly highs near $1,980 after US data	neutral	0.5249456167221069
Thursday, 01 June 2023 06:21:22	Gold Price Forecast: $1,970, looming US employment clues prod XAU/USD bulls – Confluence Detector	neutral	0.8040309548377991
Thursday, 01 June 2023 05:49:07	Gold Futures: Further rebound unlikely	negative	0.5507664680480957
Thursday, 01 June 2023 04:07:15	Gold Price Forecast: XAU/USD plays in a $5 range as investors await US NFP for Fed’s interest rate guidance	neutral	0.8734604120254517
Friday, 02 June 2023 19:47:07	Gold Price Forecast: XAU/USD falls on upbeat US NFP data, yields spike	neutral	0.5433524250984192
Friday, 02 June 2023 14:59:18	Gold Price Forecast: XAU/USD to be kept in check by the possibility of another Fed rate hike – Commerzbank	neutral	0.8576919436454773
Friday, 02 June 2023 12:41:00	Gold Price Forecast: XAU/USD weakens after NFP	negative	0.7331294417381287
Friday, 02 June 2023 12:27:50	Gold Price Forecast: XAU/USD sees a tiring short-term momentum picture – Credit Suisse	negative	0.7475881576538086
Friday, 02 June 2023 10:47:16	Gold Price Forecast: XAU/USD holds steady near $1,980, over one-week top ahead of US NFP	neutral	0.6457149386405945
Friday, 02 June 2023 06:18:57	Gold: A deeper pullback looks likely below $1920 – UOB	neutral	0.6090672612190247
Friday, 02 June 2023 06:15:52	Gold Price Forecast: XAU/USD aims to sustain above $1,980 amid fragile USD Index ahead of US NFP	neutral	0.5117236375808716
Friday, 02 June 2023 06:13:16	Gold Futures: Further gains not favoured	neutral	0.5085850954055786
Friday, 02 June 2023 02:54:02	Gold Price Forecast: XAU/USD bulls can stay hopeful above $1,968, US NFP, Fed clues eyed – Confluence Detector	neutral	0.5260380506515503
Friday, 02 June 2023 00:28:27	Gold Price Forecast: XAU/USD eyes a sustained break above $1,980 amid chaos over Fed’s rate guidance	negative	0.5787541270256042
Sunday, 04 June 2023 22:17:45	Gold Price Forecast: XAU/USD downside appears difficult even as US NFP favors Fed hawks	negative	0.7591170072555542
Monday, 05 June 2023 22:18:08	Gold Price Forecast: XAU/USD grinds higher past $1,950 amid downbeat United States data	negative	0.7810463309288025
Monday, 05 June 2023 19:04:52	Gold Price Forecast: XAU/USD  rebounds at the 100-day SMA following US economic data	neutral	0.7969843149185181
Monday, 05 June 2023 13:32:42	Gold Price Forecast: XAU/USD attempts recovery from $1,940 ahead of US Services PMI	neutral	0.5153394341468811
Monday, 05 June 2023 10:26:10	Gold Price Forecast: XAU/USD trades just above $1,940, flirts with 100-day SMA support	neutral	0.807604193687439
Monday, 05 June 2023 06:22:55	Gold Price Forecast: XAU/USD finds short-term cushion above $1,940, more downside looks solid	neutral	0.5812094211578369
Monday, 05 June 2023 05:39:42	Gold Futures: Further retracements appear contained	neutral	0.9703815579414368
Monday, 05 June 2023 01:54:06	Gold Price Forecast: XAU/USD bears approach $1,930 support on upbeat US Dollar, firmer yields	neutral	0.607028603553772
Tuesday, 06 June 2023 22:16:00	Gold Price Forecast: XAU/USD edges higher as US Dollar, yields dribble on mixed Fed concerns	neutral	0.4780842065811157
Tuesday, 06 June 2023 15:44:35	Gold Price Forecast: XAU/USD steadily around $1960s amid higher US bond yields	neutral	0.5884122848510742
Tuesday, 06 June 2023 14:59:14	Gold Price Forecast: Prospect of rising rates to weigh on XAU/USD until FOMC meeting – Commerzbank	neutral	0.7929672002792358
Tuesday, 06 June 2023 10:28:22	Gold Price Forecast: XAU/USD struggles for a firm direction, stuck in a range around $1,960	negative	0.9281741976737976
Tuesday, 06 June 2023 08:33:40	Gold Price Forecast: Growing expectations for deepening cuts to support higher XAU/USD – TDS	neutral	0.638627827167511
Tuesday, 06 June 2023 06:44:13	Gold Price Forecast: XAU/USD oscillates around $1,960 amid mixed responses to Fed’s June policy	negative	0.5571823716163635
Tuesday, 06 June 2023 05:09:42	Gold Futures: Further gains appear unlikely	negative	0.6867525577545166
Tuesday, 06 June 2023 04:08:14	Gold Price Forecast: XAU/USD gyrates within $1,955-73 trading zone – Confluence Detector	neutral	0.9194013476371765
Tuesday, 06 June 2023 01:28:24	Gold Price Forecast: XAU/USD retreats from $1,960 amid sluggish markets	negative	0.80295330286026
Wednesday, 07 June 2023 22:16:39	Gold Price Forecast: XAU/USD bears ignore sluggish USD on mixed growth concerns, hawkish central banks	negative	0.6603140234947205
Wednesday, 07 June 2023 16:16:47	Gold Price Forecast: XAU/USD slips due to rising US bond yields, global economic concerns	negative	0.8809220194816589
Wednesday, 07 June 2023 15:00:50	Gold Price Forecast: XAU/USD to hit $2,100 by year-end – ANZ	neutral	0.7590110301971436
Wednesday, 07 June 2023 11:55:37	Gold Price Forecast: XAU/USD recovers from below $1,960, still remains choppy despite sell-off in USD Index	negative	0.7222810983657837
Wednesday, 07 June 2023 06:54:58	Gold Price Forecast: XAU/USD drops sharply below $1,960 as USD Index extends recovery	negative	0.5516429543495178
Wednesday, 07 June 2023 05:19:44	Gold Futures: Near-term consolidation on the cards	neutral	0.9408380389213562
Wednesday, 07 June 2023 04:25:31	Gold Price Forecast: XAU/USD faces a wall of resistance near $1,970 – Confluence Detector	neutral	0.6160460114479065
Wednesday, 07 June 2023 01:15:01	Gold Price Forecast: XAU/USD eyes further upside past $1,950 with inverse H&S in offing, softer US Dollar	neutral	0.5909108519554138
Thursday, 08 June 2023 23:22:20	Gold Price Forecast: XAU/USD looks set to cross $1,985 hurdle as softer US data weighs on US Dollar, yields	neutral	0.6854035258293152
Thursday, 08 June 2023 20:50:16	Gold Price Forecast: XAU/USD bulls clean up within daily range	neutral	0.9117317795753479
Thursday, 08 June 2023 14:59:11	Gold Price Forecast: Further rangebound action in XAU/USD is the most likely outcome for now – Credit Suisse	neutral	0.6683847904205322
Thursday, 08 June 2023 13:38:24	Gold Price Forecast: XAU/USD shoots to near $1960 as higher US jobless claims eases labor market conditions	negative	0.49567168951034546
Thursday, 08 June 2023 09:49:25	Gold Price Forecast: XAU/USD rebounds to near $1,950 as investors divide about Fed’s policy	neutral	0.5528955459594727
Thursday, 08 June 2023 06:44:32	Gold Price Forecast: XAU/USD drops sharply post failing to reclaim $1,950 as hawkish Fed bets rebound	negative	0.618974506855011
Thursday, 08 June 2023 05:23:51	Gold Futures: Door open to further decline	negative	0.5518750548362732
Thursday, 08 June 2023 03:48:15	Gold Price Forecast: XAU/USD to maintain $1,930 support on mixed growth, Fed concerns – Confluence Detector	neutral	0.5293090343475342
Thursday, 08 June 2023 01:23:30	Gold Price Forecast: XAU/USD bounces off 100-day SMA, upside potential seems limited	negative	0.7219864130020142
Friday, 09 June 2023 19:14:59	Gold Price Forecast: XAU/USD hovers around $1,960 with no clear direction	neutral	0.745514988899231
Friday, 09 June 2023 15:27:34	Gold Price Forecast: XAU/USD unlikely to budge during the upcoming week of central bank meetings – Commerzbank	negative	0.5184239149093628
Friday, 09 June 2023 14:06:00	Gold Price Forecast: A further slide in XAU/USD to around $1,870 is possible – UBS	neutral	0.8391357064247131
Friday, 09 June 2023 10:59:10	Gold Price Forecast: XAU/USD approaches $1,970 as USD Index’s pullback seems less confident, US CPI eyed	negative	0.6212425827980042
Friday, 09 June 2023 09:36:27	Gold Price Forecast: Further volatility is looming for XAU/USD in the next few days – Commerzbank	negative	0.6545271873474121
Friday, 09 June 2023 07:25:56	Gold Futures: Room for extra gains near term	neutral	0.8184892535209656
Friday, 09 June 2023 06:39:36	Gold Price Forecast: XAU/USD lacks firm intraday direction, flat-lines around $1.965 area	negative	0.6151096820831299
Friday, 09 June 2023 02:36:42	Gold Price Forecast: XAU/USD bulls need acceptance from $1,970, $1,990 and Fed – Confluence Detector	neutral	0.9047513008117676
Sunday, 11 June 2023 22:13:17	Gold Price Forecast: XAU/USD eases to $1,960 ahead of US inflation, Fed announcements	neutral	0.7222027778625488
Monday, 12 June 2023 22:46:57	Gold Price Forecast: XAU/USD stays defensive near $1,965 hurdle ahead of US inflation	neutral	0.560929536819458
Monday, 12 June 2023 20:16:47	Gold Price Forecast: XAU/USD traders await key US events	neutral	0.8836154937744141
Monday, 12 June 2023 15:47:36	Gold Price Forecast: XAU/USD to establish above $2,000 and even reach new record high next year – Commerzbank	neutral	0.7199781537055969
Monday, 12 June 2023 13:28:32	Gold Price Analysis: XAU/USD turns topsy-turvy above $1,960 amid mixed responses for Fed policy stance	negative	0.7445732951164246
Monday, 12 June 2023 09:51:54	Gold Price Forecast: XAU/USD approaches $1,970 amid a sell-off in USD Index, US CPI and Fed policy eyed	neutral	0.7554121017456055
Monday, 12 June 2023 07:34:06	Gold Price Forecast: XAU/USD flat-lines around $1,960, awaits key central bank event risks	neutral	0.4963456094264984
Monday, 12 June 2023 06:04:29	Gold Futures: Further losses not favoured	negative	0.72613126039505
Monday, 12 June 2023 04:34:26	Gold Price Forecast: XAU/USD stays below $1,970 hurdle as the Fed week begins – Confluence Detector	neutral	0.7328055500984192
Monday, 12 June 2023 01:48:21	Gold Price Forecast: XAU/USD trades with a mild negative bias, just above $1,955 lev	negative	0.6476517915725708
Tuesday, 13 June 2023 22:13:51	Gold Price Forecast: XAU/USD bears flex muscles even as US inflation advocates hawkish Fed halt	neutral	0.4610981345176697
Tuesday, 13 June 2023 15:57:44	Gold Price Forecast: XAU/USD could even trade lower if Fed leaves door open to further hikes – Commerzbank	neutral	0.643215000629425
Tuesday, 13 June 2023 13:56:22	Silver Price Analysis: XAG/USD to reach $26 by year-end – ANZ	neutral	0.8781741261482239
Tuesday, 13 June 2023 12:45:55	Gold Price Forecast: XAU/USD rises to test $1,970 after US CPI	neutral	0.8262583613395691
Tuesday, 13 June 2023 10:35:20	Gold Price Forecast: XAU/USD to break previous high of $2,060 on a rebound from current levels – ANZ	neutral	0.6340755820274353
Tuesday, 13 June 2023 10:17:42	Gold Price Forecast: XAU/USD fits above $1960 as USD looks fragile, US CPI hogs limelight	negative	0.6951228380203247
Tuesday, 13 June 2023 06:25:03	Gold Futures: A deeper pullback appears unlikely	negative	0.6975821256637573
Tuesday, 13 June 2023 06:23:53	Gold Price Forecast: XAU/USD holds steady around $1,960 as traders await US CPI	neutral	0.820321798324585
Tuesday, 13 June 2023 01:49:08	Gold Price Forecast: XAU/USD breakout could be on the cards around key US events	neutral	0.9356822967529297
Wednesday, 14 June 2023 21:54:53	Gold Price Forecast: XAU/USD bears are making their moves, eye break of $1,930s	neutral	0.83053058385849
Wednesday, 14 June 2023 18:14:16	Gold Price Forecast: XAU/USD tumbles toward $1,940 on Fed hawkish skip	neutral	0.579491376876831
Wednesday, 14 June 2023 15:42:31	Gold Price Forecast: A hawkish Fed is a short-term headwind for XAU/USD – ANZ	neutral	0.8295356631278992
Wednesday, 14 June 2023 15:32:37	Gold Price Forecast: XAU/USD surges on falling US T-bond yields, FOMC’s decision in focus	neutral	0.6107374429702759
Wednesday, 14 June 2023 11:46:30	Gold Price Forecast: XAU/USD finds resistance above $1,950 amid a temporary pause in USD Index’s sell-off	negative	0.6117173433303833
Wednesday, 14 June 2023 07:16:37	Gold Price Forecast: XAU/USD defends 100-day SMA ahead of the crucial FOMC decision	neutral	0.7252628803253174
Wednesday, 14 June 2023 05:47:54	Gold Futures: Door open to extra losses	neutral	0.5757566094398499
Wednesday, 14 June 2023 04:24:51	Gold Price Forecast: XAU/USD recovery roadblock at $1,960, Fed eyed – Confluence Detector	neutral	0.7856953144073486
Wednesday, 14 June 2023 01:47:23	Gold Price Forecast: XAU/USD bulls and bears go head to head in the build up to the Fed	neutral	0.935545802116394
Thursday, 15 June 2023 17:01:41	Gold Price Forecast: XAU/USD rebounds from a three-month low, bolstered by soft USD, falling bond yields	negative	0.5689542889595032
Thursday, 15 June 2023 15:49:39	Gold Price Forecast: XAU/USD could well rally on any data showing inflation pressures are easing – TDS	neutral	0.6056864261627197
Thursday, 15 June 2023 12:30:08	Gold Price Forecast: XAU/USD remains under pressure after ECB, ahead of US data	negative	0.5431007146835327
Thursday, 15 June 2023 08:48:49	Gold Price Forecast: XAU/USD retreats from above $1,930 as Fed Powell confirms more rate hikes	neutral	0.5442382097244263
Thursday, 15 June 2023 06:06:43	Gold Price Forecast: XAU/USD bears test $1,930 key support on hawkish Fed bets – Confluence Detector	neutral	0.8956267237663269
Thursday, 15 June 2023 05:42:37	Gold Futures: A deeper pullback seems out of favour	negative	0.8414973616600037
Thursday, 15 June 2023 03:58:09	Gold Price Forecast: XAU/USD refreshes monthly low, seems vulnerable below 100-day SMA	negative	0.8748669028282166
Thursday, 15 June 2023 00:35:41	Gold Price Forecast: XAU/USD flirts with $1,940 support after Fed moves, US Retail Sales eyed	neutral	0.7184000015258789
Monday, 19 June 2023 03:49:01	Gold Price Forecast: XAU/USD slides toward $1,950 as China woes join hawkish Fed clues	neutral	0.5094638466835022
Monday, 19 June 2023 01:25:05	Gold Price Forecast: XAU/USD struggles for a firm direction, stuck in a range below $1,960	negative	0.9268548488616943
Monday, 19 June 2023 15:46:08	Gold Price Forecast: XAU/USD to do quite well in the months ahead – TDS	positive	0.6195148825645447
Monday, 19 June 2023 15:38:52	Gold Price Forecast: XAU/USD steady while US Dollar strengthens amidst closed US markets	neutral	0.5793073773384094
Monday, 19 June 2023 10:14:14	Gold Price Forecast: XAU/USD declines towards $1,950 as USD Index recovers ahead of Blinken-Xi meet	negative	0.618133544921875
Monday, 19 June 2023 06:11:19	Gold Price Forecast: XAU/USD ticks lower on modest US Dollar strength, downside seems limited	negative	0.7099702954292297
Monday, 19 June 2023 05:58:23	Gold Futures: Further range bound on the cards	neutral	0.9373925924301147
Monday, 19 June 2023 03:49:01	Gold Price Forecast: XAU/USD slides toward $1,950 as China woes join hawkish Fed clues	neutral	0.5094638466835022
Monday, 19 June 2023 01:25:05	Gold Price Forecast: XAU/USD struggles for a firm direction, stuck in a range below $1,960	negative	0.9268548488616943
Wednesday, 21 June 2023 06:35:42	Gold Price Forecast: XAU/USD bears concentrate on $1,925 break and Fed Chair Powell – Confluence Detector	neutral	0.9176448583602905
Wednesday, 21 June 2023 05:18:55	Gold Futures: Further weakness likely near term	negative	0.7100587487220764
Wednesday, 21 June 2023 04:22:03	Gold Price Forecast: XAU/USD seems vulnerable below 100-day SMA, Fed’s Powell in focus	negative	0.8015432953834534
Wednesday, 21 June 2023 00:52:14	Gold Price Forecast: XAU/USD bears finally in town as Fed Chair Powell’s testimony looms	neutral	0.8017367720603943
Thursday, 22 June 2023 08:31:47	Gold Price Forecast: XAU/USD seesaws around $1,930 due to hawkish Fed Powell vs. dovish Bostic	neutral	0.687761664390564
Thursday, 22 June 2023 05:27:55	Gold Futures: A sustained pullback seems out of favour	negative	0.8249988555908203
Thursday, 22 June 2023 04:58:15	Gold Price Forecast: XAU/USD prods $1,930 support ahead of multiple central bank news – Confluence Detector	neutral	0.8940755724906921
Thursday, 22 June 2023 02:32:06	Gold Price Forecast: XAU/USD consolidates in a range, remains vulnerable below 100-day SMA	negative	0.7798093557357788
Monday, 03 July 2023 11:22:36	Gold seen above $2000/oz in H2 2023 – UOB	neutral	0.8680980205535889
Monday, 03 July 2023 10:12:12	Gold Price Forecast: XAU/USD unlikely to enjoy big gains for a while yet – TDS	neutral	0.44158926606178284
Monday, 03 July 2023 09:20:53	Gold Price Forecast: XAU/USD corrects to near $1,910 as US Manufacturing PMI comes into spotlight	neutral	0.8383192420005798
Monday, 03 July 2023 06:10:43	Gold Futures: Further gains on the cards	neutral	0.7309749126434326
Monday, 03 July 2023 05:50:31	Gold Price Forecast: XAU/USD portrays bearish consolidation below $1,930 hurdle – Confluence Detector	negative	0.4973292648792267
Monday, 03 July 2023 02:45:32	Gold Price Forecast: XAU/USD dips back closer to $1,915 on modest US Dollar uptick	negative	0.5065135359764099
Tuesday, 04 July 2023 06:17:19	Gold Futures: Extra gains in store near term	neutral	0.7598756551742554
Tuesday, 04 July 2023 05:28:23	Gold Price Forecast: XAU/USD bulls eye $1,930 on economic slowdown, US-China jitters amid US holiday	negative	0.832162082195282
Tuesday, 04 July 2023 02:14:13	Gold Price Forecast: XAU/USD lacks firm intraday direction, holds steady around $1,920	negative	0.6179260015487671
Wednesday, 05 July 2023 14:55:59	Gold Price Forecast: XAU/USD reverses sharply from weekly highs, looks vulnerable under $1,920	negative	0.9203806519508362
Wednesday, 05 July 2023 14:51:21	Gold Price Forecast: XAU/USD’s reaction may be asymmetrically skewed to the upside on misses in US data – TDS	negative	0.5819940567016602
Wednesday, 05 July 2023 11:39:35	Gold Price Forecast: XAU/USD aims to recapture $1,930 as investors see single interest rate hike from Fed	neutral	0.694170355796814
Wednesday, 05 July 2023 08:20:27	Gold Price Forecast: XAU/USD flat-lines below $1,930 level, FOMC minutes awaited	neutral	0.8425562381744385
Wednesday, 05 July 2023 05:36:01	Gold Price Forecast: XAU/USD loses momentum above $1,915 as Fed Minutes loom – Confluence Detector	negative	0.8179567456245422
Wednesday, 05 July 2023 02:52:48	Gold Price Forecast: XAU/USD remains below $1,930 as traders await FOMC minutes	neutral	0.6647388339042664
Thursday, 06 July 2023 20:01:20	Gold Price Forecast: XAU/USD tumbles on US strong data, hawkish Fed tilt ahead of US NFP	negative	0.47370079159736633
Thursday, 06 July 2023 13:37:20	Gold Price Forecast: XAU/USD tumbles to near $1,900 as US labor market conditions tighten	negative	0.7486249804496765
Thursday, 06 July 2023 09:39:40	Gold Price Forecast: XAU/USD falls back below $1,920 as Fed remains hawkish on interest rate guidance	negative	0.6016675233840942
Thursday, 06 July 2023 06:23:02	Gold Futures: Door open to further losses	negative	0.5258306264877319
Thursday, 06 July 2023 06:09:28	Gold Price Forecast: XAU/USD run-up appears more compulsive as US data looms – Confluence Detector	negative	0.507977306842804
Thursday, 06 July 2023 03:03:47	Gold Price Forecast: XAU/USD inches back closer to $1,920, lacks bullish conviction	negative	0.5870118141174316
Monday, 10 July 2023 03:54:52	Gold Price Forecast: XAU/USD remains on the defensive amid reviving US Dollar demand	negative	0.5438628196716309
Monday, 10 July 2023 21:38:24	Gold Price Forecast: XAU/USD recovers from daily lows amid USD weakness	negative	0.6446821689605713
Monday, 10 July 2023 21:38:24	Gold Price Forecast: XAU/USD recovers from daily lows amid USD weakness	negative	0.6446821689605713
Monday, 10 July 2023 11:23:14	Gold Price Forecast: XAU/USD juggles above $1,920 as focus shifts to US Inflation	negative	0.4934627413749695
Monday, 10 July 2023 21:38:24	Gold Price Forecast: XAU/USD recovers from daily lows amid USD weakness	negative	0.6446821689605713
Monday, 10 July 2023 11:23:14	Gold Price Forecast: XAU/USD juggles above $1,920 as focus shifts to US Inflation	negative	0.4934627413749695
Monday, 10 July 2023 07:35:13	Gold Price Forecast: XAU/USD remains confined in a narrow range above $1,920 level	neutral	0.6727119088172913
Monday, 10 July 2023 21:38:24	Gold Price Forecast: XAU/USD recovers from daily lows amid USD weakness	negative	0.6446821689605713
Monday, 10 July 2023 11:23:14	Gold Price Forecast: XAU/USD juggles above $1,920 as focus shifts to US Inflation	negative	0.4934627413749695
Monday, 10 July 2023 07:35:13	Gold Price Forecast: XAU/USD remains confined in a narrow range above $1,920 level	neutral	0.6727119088172913
Monday, 10 July 2023 06:02:30	Gold Futures: Further upside on the cards	neutral	0.8911135792732239
Tuesday, 11 July 2023 08:27:46	Gold Price Forecast: XAU/USD resumes north-side journey as USD Index remains under pressure	neutral	0.5919968485832214
Tuesday, 11 July 2023 07:45:32	Gold Price Forecast: Sovereign investors still favour XAU/USD as an inflation hedge – ANZ	neutral	0.49837157130241394
Tuesday, 11 July 2023 06:36:46	Gold Price Forecast: XAU/USD crosses immediate hurdle to $1,950 – Confluence Detector	neutral	0.7042902112007141
Tuesday, 11 July 2023 05:51:17	Gold Futures: Further consolidation likely	neutral	0.8802143931388855
Tuesday, 11 July 2023 03:22:16	Gold Price Analysis: XAU/USD holds steady above $1,925 amid sustained US Dollar selling	neutral	0.5898296236991882
Tuesday, 11 July 2023 00:43:04	Gold Price Forecast: XAU/USD bulls attack $1,930 hurdle as United States inflation clues weigh on US Dollar	negative	0.5027268528938293
Wednesday, 12 July 2023 06:19:23	Gold Futures: Further gains seem not favoured	negative	0.6053932309150696
Wednesday, 12 July 2023 06:18:56	Gold Price Forecast: XAU/USD refreshes three-week high above $1,940 as US CPI sets to soften further	neutral	0.6955151557922363
Wednesday, 12 July 2023 02:58:00	Gold Price Forecast: XAU/USD touches multi-week high, around $1,940 ahead of US CPI	neutral	0.6448813080787659
Friday, 14 July 2023 14:58:19	Gold Price Forecast: No further upside potential on XAU/USD – Commerzbank	neutral	0.7201443910598755
Friday, 14 July 2023 14:40:21	The return of El Niño likely to cause issues for commodity markets – ANZ	negative	0.6737750172615051
Friday, 14 July 2023 13:37:18	Gold Price Forecast: XAU/USD remains subdued around $1,960 as investors expect consecutive skip from Fed	neutral	0.5716472864151001
Friday, 14 July 2023 13:03:54	Gold Price Forecast: XAU/USD rally is vulnerable to reversals – TDS	negative	0.7915668487548828
Friday, 14 July 2023 09:25:37	Gold Price Forecast: XAU/USD should be supported by a resumption of the US Dollar's downtrend – UBS	neutral	0.7476556301116943
Friday, 14 July 2023 07:40:09	Gold Price Forecast: XAU/USD set to move towards this year’s high once $1,970 resistance is broken – ANZ	negative	0.4763464629650116
Friday, 14 July 2023 06:01:06	Gold Futures: Scope for extra gains	neutral	0.8794503211975098
Friday, 14 July 2023 05:52:50	Gold Price Forecast: XAU/USD remains sideways around $1,960 – Confluence Detector	neutral	0.6921212673187256
Friday, 14 July 2023 03:40:09	Gold Price Forecast: XAU/USD sits near one-month peak, seems poised to appreciate further	positive	0.9201558232307434
Friday, 14 July 2023 00:02:18	Gold Price Forecast: XAU/USD bulls eye $1,985 as Fed policy pivot concerns weigh on US Dollar	negative	0.5527794361114502
Tuesday, 18 July 2023 22:25:04	Gold Price Forecast: XAU/USD buyers approach $2,000 on fimer sentiment, downbeat yields	negative	0.5230222344398499
Tuesday, 18 July 2023 18:26:32	Gold Price Forecast: XAU/USD jumps to its highest level since early June after US Retail Sales	neutral	0.638367772102356
Tuesday, 18 July 2023 14:40:10	Gold Price Forecast: XAU/USD to advance towards $2,100 by year-end – ANZ	neutral	0.888309121131897
Tuesday, 18 July 2023 12:54:25	Gold price meets gigantic offers despite US Retail Sales misses estimates	neutral	0.5083755850791931
Tuesday, 18 July 2023 12:03:57	Gold Price Forecast: A beat in Retail Sales could see XAU/USD give back a portion of recent gains – TDS	neutral	0.7970114946365356
Tuesday, 18 July 2023 09:56:50	Gold: Demand in China and India has more of a stabilising than amplifying effect on prices – Commerzbank	neutral	0.5277187824249268
Tuesday, 18 July 2023 07:59:46	Gold Futures: Extra gains appear likely	neutral	0.7924886345863342
Tuesday, 18 July 2023 05:28:50	Gold Price Forecast: XAU/USD upside appears more lucrative as US data looms – Confluence Detector	neutral	0.41419750452041626
Tuesday, 18 July 2023 02:40:49	Gold Price Forecast: XAU/USD struggles to capitalize on intraday gains, remains below $1,960	negative	0.8841387033462524
Tuesday, 18 July 2023 00:11:04	Gold Price Forecast: XAU/USD edges higher past $1,940 support confluence as United States Retail Sales loom	neutral	0.7241882085800171
Wednesday, 19 July 2023 19:38:12	Gold Price Analysis: XAU/USD could be on the retreat into the Fed next week	neutral	0.9561613202095032
Wednesday, 19 July 2023 13:31:42	Gold price continues consolidation as investors await fresh cues about BRICS' gold-backed currency	neutral	0.7848774194717407
Wednesday, 19 July 2023 06:00:15	Gold Futures: Further gains not favoured	neutral	0.5085850954055786
Wednesday, 19 July 2023 04:35:47	Gold Price Forecast: XAU/USD reverses from $1,985 hurdle despite downbeat yields – Confluence Detector	negative	0.48187538981437683
Wednesday, 19 July 2023 01:55:09	Gold Price Forecast: XAU/USD consolidates near multi-week high, just below $1,980 level	neutral	0.5855405330657959
Friday, 21 July 2023 14:59:14	Gold Price Forecast: XAU/USD seen on course to retest the $2,063/75 highs – Credit Suisse	neutral	0.9215034246444702
Friday, 21 July 2023 13:33:45	Gold price stretches downside amid strength in Greenback as Fed to resume policy toghtening	negative	0.5802898406982422
Friday, 21 July 2023 13:06:48	Gold Price Forecast: XAU/USD setbacks are certainly possible in the coming weeks – Commerzbank	negative	0.5340930819511414
Friday, 21 July 2023 05:57:21	Gold Futures: Extra decline on the table	negative	0.62933349609375
Friday, 21 July 2023 05:06:47	Gold Price Forecast: XAU/USD holds $1,970 amid three-week uptrend, central banks eyed – Confluence Detector	neutral	0.8098360300064087
Friday, 21 July 2023 02:17:05	Gold Price Forecast: XAU/USD edges higher on softer US Dollar, remains below $1,975	negative	0.47631433606147766
Sunday, 23 July 2023 22:34:39	Gold Price Forecast: XAU/USD grinds near $1,960, United States growth/inflation clues, Fed eyed	neutral	0.7677335143089294
Monday, 24 July 2023 22:44:55	Gold Price Forecast: XAU/USD eyes further downside as United States data fuels US Dollar	negative	0.8626407980918884
Monday, 24 July 2023 20:22:07	Gold Price Forecast: XAU/USD bears in the market, eyes on $1,945	neutral	0.8778890371322632
Monday, 24 July 2023 14:58:07	Gold Price Forecast: Confirmation of the Fed’s terminal federal fund rate will be a tailwind for XAU/USD – ANZ	neutral	0.8405593037605286
Monday, 24 July 2023 13:46:29	Gold price falls back as more interest rates from Fed in pipeline	negative	0.5281438231468201
Monday, 24 July 2023 09:00:53	Gold Price Forecast: XAU/USD to trade near key support levels – TDS	neutral	0.904362142086029
Monday, 24 July 2023 06:26:38	Gold Futures: A deeper pullback seems unlikely	negative	0.6723892688751221
Monday, 24 July 2023 05:05:37	Gold Price Forecast: XAU/USD loses momentum above the $1,960 area, Bear Cross eyed	negative	0.8599385023117065
Monday, 24 July 2023 01:33:32	Gold Price Forecast: XAU/USD consolidates around 100-day SMA as traders await Fed, ECB policy meetings	neutral	0.9398337006568909
Tuesday, 25 July 2023 21:59:53	Gold Price Forecast: XAU/USD sees green amid Fed decision anxiety	negative	0.7216840982437134
Tuesday, 25 July 2023 14:59:05	Gold Price Forecast: XAU/USD to gain on indications that Wednesday’s rate hike will be the last – Commerzbank	neutral	0.7800810933113098
Tuesday, 25 July 2023 13:42:30	Gold price turns topsy-turvy as central banks prepare for fresh interest rate cycle	negative	0.4925333261489868
Tuesday, 25 July 2023 07:01:31	Gold Price Forecast: XAU/USD recovery needs acceptance from $1,975 and central banks – Confluence Detector	neutral	0.8881253600120544
Tuesday, 25 July 2023 06:09:24	Gold Futures: Further decline on the cards	negative	0.8178762197494507
Tuesday, 25 July 2023 05:12:14	Gold Price Forecast: XAU/USD trades with modest gains around $1,960, US CB Consumer Confidence eyed	neutral	0.6406474113464355
Tuesday, 25 July 2023 01:38:47	Gold Price Forecast: XAU/USD rebounds from over one-week low, climbs back above $1,960	neutral	0.5413417816162109
Wednesday, 26 July 2023 22:19:53	Gold Price Forecast: XAU/USD lacks upside momentum after post-Fed rise, focus on US GDP, ECB	negative	0.5727472305297852
Wednesday, 26 July 2023 18:27:42	Gold Price Forecast: XAU/USD whipsawed but leans towards trendline support on Fed hike	neutral	0.539107620716095
Wednesday, 26 July 2023 13:25:29	Gold price come under pressure as investors expect hawkish guidance from Fed	negative	0.5896437168121338
Wednesday, 26 July 2023 06:23:55	Gold Futures: Further gains look not favoured	negative	0.47647470235824585
Wednesday, 26 July 2023 05:20:35	Gold Price Forecast: XAU/USD stays below $1,985 hurdle ahead of pivotal Fed decision – Confluence Detector	neutral	0.6542531251907349
Wednesday, 26 July 2023 02:55:03	Gold Price Forecast: XAU/USD holds steady above $1,960, looks to FOMC for fresh impetus	neutral	0.6655065417289734
Wednesday, 26 July 2023 00:20:59	Gold Price Forecast: XAU/USD keeps bounce off $1,950 support confluence with eyes on Fed	neutral	0.8162092566490173
Thursday, 27 July 2023 22:53:19	Gold Price Forecast: XAU/USD eyes first weekly loss in four near $1,950 as Fed inflation looms	negative	0.6232801079750061
Thursday, 27 July 2023 20:42:37	Gold Price Forecast: XAU/USD falls below the 100-SMA as US yields surge	negative	0.5141469836235046
Thursday, 27 July 2023 14:33:36	Gold price plunges amid economic resilience and tight labor market	negative	0.6243743300437927
Thursday, 27 July 2023 06:12:53	Gold Futures: Still scope for extra gains	neutral	0.799926221370697
Thursday, 27 July 2023 03:38:02	Gold Price Forecast: XAU/USD bulls cheer $1,965 breakout ahead of US GDP, ECB – Confluence Detector	neutral	0.7381953597068787
Thursday, 27 July 2023 01:35:32	Gold Price Forecast: XAU/USD climbs to $1,975 area, closer to weekly peak set on Wednesday	neutral	0.8214051127433777
Friday, 28 July 2023 14:58:53	Gold Price Forecast: “Soft landing” for US economy would weigh on XAU/USD – Commerzbank	neutral	0.6905717849731445
Friday, 28 July 2023 14:30:26	Gold price bounces back as US PCE softens and labor cost index ease further	neutral	0.4800669252872467
Friday, 28 July 2023 13:56:21	Gold Price Forecast: XAU/USD to eventually retest the $2,063/75 record highs – Credit Suisse	neutral	0.7886728644371033
Friday, 28 July 2023 12:58:33	Gold Price Forecast: Softer-than-expected ECI adds evidence of abating inflation, supporting XAU/USD – TDS	neutral	0.5662753582000732
Friday, 28 July 2023 10:00:41	Gold Price Forecast: WGC data unlikely to have any impact on XAU/USD – Commerzbank	negative	0.5528914332389832
Friday, 28 July 2023 06:15:45	Gold Futures: Probable rebound near term	neutral	0.8238433599472046
Friday, 28 July 2023 05:10:28	Gold Price Forecast: Fed inflation clues, $1,975 hurdle prod XAU/USD rebound – Confluence Detector	neutral	0.9278331398963928
Friday, 28 July 2023 02:41:43	Gold Price Forecast: XAU/USD sticks to modest gains around $1,950 area, lacks follow-through	negative	0.5885353684425354
